Date,VIX
4/30/04,17.19
5/3/04,16.62
5/4/04,16.55
5/5/04,15.77
5/6/04,17.05
5/7/04,18.13
5/10/04,19.77
5/11/04,18.57
5/12/04,18.14
5/13/04,18.86
5/14/04,18.47
5/17/04,19.96
5/18/04,19.33
5/19/04,18.93
5/20/04,18.67
5/21/04,18.49
5/24/04,18.08
5/25/04,15.96
5/26/04,15.97
5/27/04,15.28
5/28/04,15.5
6/1/04,16.3
6/2/04,16.08
6/3/04,17.03
6/4/04,16.78
6/7/04,15.39
6/8/04,15.01
6/9/04,15.39
6/10/04,15.04
6/14/04,16.07
6/15/04,15.05
6/16/04,14.79
6/17/04,15.15
6/18/04,14.76
6/21/04,15.26
6/22/04,14.31
6/23/04,13.98
6/24/04,14.81
6/25/04,15.19
6/28/04,16.07
6/29/04,15.47
6/30/04,14.34
7/1/04,15.2
7/2/04,15.08
7/6/04,16.25
7/7/04,15.81
7/8/04,16.2
7/9/04,15.78
7/12/04,14.96
7/13/04,14.46
7/14/04,13.76
7/15/04,14.71
7/16/04,14.34
7/19/04,15.17
7/20/04,14.17
7/21/04,16.41
7/22/04,15.75
7/23/04,16.5
7/26/04,17.3
7/27/04,16.55
7/28/04,16.15
7/29/04,15.68
7/30/04,15.32
8/2/04,15.37
8/3/04,16.03
8/4/04,16.21
8/5/04,18.32
8/6/04,19.34
8/9/04,18.89
8/10/04,17.47
8/11/04,18.04
8/12/04,19.08
8/13/04,17.98
8/16/04,17.57
8/17/04,17.02
8/18/04,16.23
8/19/04,16.96
8/20/04,16
8/23/04,15.88
8/24/04,15.33
8/25/04,14.98
8/26/04,14.91
8/27/04,14.71
8/30/04,15.44
8/31/04,15.29
9/1/04,14.91
9/2/04,14.28
9/3/04,13.91
9/7/04,14.07
9/8/04,14.06
9/9/04,14.01
9/10/04,13.76
9/13/04,13.17
9/14/04,13.56
9/15/04,14.64
9/16/04,14.39
9/17/04,14.03
9/20/04,14.43
9/21/04,13.66
9/22/04,14.74
9/23/04,14.8
9/24/04,14.28
9/27/04,14.62
9/28/04,13.83
9/29/04,13.21
9/30/04,13.34
10/1/04,12.75
10/4/04,13.41
10/5/04,13.95
10/6/04,13.28
10/7/04,14.5
10/8/04,15.05
10/11/04,14.71
10/12/04,15.05
10/13/04,15.42
10/14/04,16.43
10/15/04,15.04
10/18/04,14.71
10/19/04,15.13
10/20/04,14.85
10/21/04,14.54
10/22/04,15.28
10/25/04,16.58
10/26/04,16.39
10/27/04,15.72
10/28/04,15.39
10/29/04,16.27
11/1/04,16.27
11/2/04,16.18
11/3/04,14.04
11/4/04,13.97
11/5/04,13.84
11/8/04,13.8
11/9/04,13.61
11/10/04,13.08
11/11/04,13.04
11/12/04,13.33
11/15/04,13.38
11/16/04,13.21
11/17/04,13.21
11/18/04,12.98
11/19/04,13.5
11/22/04,12.97
11/23/04,12.67
11/24/04,12.72
11/26/04,12.79
11/29/04,13.3
11/30/04,13.24
12/1/04,12.97
12/9/04,12.88
12/13/04,12.54
12/14/04,12.73
12/15/04,12.35
12/16/04,12.27
12/20/04,11.83
12/21/04,11.55
12/22/04,11.45
12/23/04,11.23
12/27/04,12.14
12/28/04,12
12/29/04,11.62
12/30/04,12.56
1/3/05,14.08
1/4/05,13.98
1/5/05,14.09
1/6/05,13.58
1/10/05,13.23
1/11/05,13.19
1/12/05,12.56
1/13/05,12.84
1/18/05,12.47
1/19/05,13.18
1/20/05,13.83
1/21/05,14.36
1/24/05,14.65
1/25/05,14.06
1/26/05,13.44
1/27/05,13.24
1/28/05,13.24
1/31/05,12.82
2/1/05,12.03
2/2/05,11.66
2/3/05,11.79
2/4/05,11.21
2/7/05,11.73
2/8/05,11.6
2/9/05,12
2/10/05,11.51
2/11/05,11.43
2/14/05,11.52
2/15/05,11.27
2/16/05,11.1
2/17/05,11.77
2/18/05,11.18
2/22/05,13.14
2/23/05,12.39
2/24/05,11.57
2/25/05,11.49
2/28/05,12.08
3/1/05,12.04
3/2/05,12.5
3/3/05,12.93
3/4/05,11.94
3/7/05,12.26
3/8/05,12.4
3/9/05,12.7
3/10/05,12.49
3/11/05,12.8
3/14/05,12.39
3/15/05,13.15
3/16/05,13.49
3/17/05,13.29
3/18/05,13.14
3/21/05,13.61
3/22/05,14.27
3/23/05,14.06
3/24/05,13.42
3/28/05,13.75
3/29/05,14.49
3/30/05,13.64
3/31/05,14.02
4/1/05,14.09
4/4/05,14.11
4/5/05,13.68
4/6/05,13.15
4/7/05,12.33
4/8/05,12.62
4/11/05,11.98
4/12/05,11.3
4/13/05,13.31
4/14/05,14.53
4/15/05,17.74
4/18/05,16.56
4/19/05,14.96
4/20/05,16.92
4/21/05,14.41
4/22/05,15.38
4/25/05,14.62
4/26/05,14.91
4/27/05,14.87
4/28/05,16.86
4/29/05,15.31
5/2/05,15.12
5/3/05,14.53
5/4/05,13.85
5/5/05,13.98
5/6/05,14.05
5/9/05,13.75
5/10/05,14.91
5/11/05,14.45
5/12/05,16.12
5/13/05,16.32
5/16/05,15.68
5/17/05,14.57
5/18/05,13.63
5/19/05,13.32
5/20/05,13.14
5/23/05,12.95
5/24/05,12.69
5/25/05,12.58
5/26/05,12.24
5/27/05,12.15
5/31/05,13.29
6/1/05,12.36
6/2/05,11.84
6/3/05,12.15
6/6/05,12.28
6/7/05,12.39
6/8/05,12.7
6/9/05,12.08
6/10/05,11.96
6/13/05,11.65
6/14/05,11.79
6/15/05,11.46
6/16/05,11.15
6/17/05,11.48
6/20/05,11.47
6/21/05,11.08
6/22/05,11.05
6/23/05,12.13
6/24/05,12.18
6/27/05,12.52
6/28/05,11.58
6/29/05,11.77
6/30/05,12.04
7/1/05,11.4
7/5/05,11.68
7/6/05,12.27
7/7/05,12.49
7/8/05,11.45
7/11/05,11.28
7/12/05,10.95
7/13/05,10.84
7/14/05,10.81
7/15/05,10.33
7/18/05,10.77
7/19/05,10.45
7/20/05,10.23
7/21/05,10.97
7/22/05,10.52
7/25/05,11.1
7/26/05,10.99
7/27/05,10.36
7/28/05,10.52
7/29/05,11.57
8/1/05,12.08
8/2/05,11.75
8/3/05,11.83
8/4/05,12.52
8/5/05,12.48
8/8/05,13.21
8/9/05,12.4
8/10/05,12.38
8/11/05,12.42
8/12/05,12.74
8/15/05,12.26
8/16/05,13.52
8/17/05,13.3
8/18/05,13.42
8/19/05,13.42
8/22/05,13.42
8/23/05,13.34
8/24/05,14.17
8/25/05,13.73
8/26/05,13.72
8/29/05,13.52
8/30/05,13.65
8/31/05,12.6
9/1/05,13.15
9/2/05,13.57
9/6/05,12.93
9/7/05,12.52
9/8/05,12.93
9/9/05,11.98
9/12/05,11.65
9/13/05,12.39
9/14/05,12.91
9/15/05,12.49
9/16/05,11.22
9/19/05,12.14
9/20/05,12.64
9/21/05,13.79
9/22/05,13.33
9/23/05,12.96
9/26/05,13.04
9/27/05,12.76
9/28/05,12.63
9/29/05,12.24
9/30/05,11.92
10/3/05,12.46
10/4/05,13.2
10/5/05,14.55
10/6/05,14.96
10/7/05,14.59
10/10/05,15.55
10/11/05,15.63
10/12/05,16.22
10/13/05,16.47
10/14/05,14.87
10/17/05,14.67
10/18/05,15.33
10/19/05,13.5
10/20/05,16.11
10/21/05,16.13
10/24/05,14.74
10/25/05,14.53
10/26/05,14.59
10/27/05,16.02
10/28/05,14.25
10/31/05,15.32
11/1/05,14.85
11/2/05,13.48
11/3/05,13
11/4/05,13.17
11/7/05,13.1
11/8/05,13.08
11/9/05,12.8
11/10/05,11.9
11/11/05,11.63
11/14/05,12.18
11/15/05,12.23
11/16/05,12.26
11/17/05,11.25
11/18/05,11.12
11/21/05,10.82
11/22/05,10.6
11/23/05,10.96
11/25/05,10.88
11/28/05,11.84
11/29/05,11.89
11/30/05,12.06
12/1/05,11.24
12/2/05,11.01
12/5/05,11.6
12/6/05,11.52
12/7/05,12.18
12/8/05,12.21
12/9/05,11.69
12/12/05,11.47
12/13/05,11.11
12/14/05,10.48
12/15/05,10.73
12/16/05,10.68
12/19/05,11.38
12/20/05,11.19
12/21/05,10.81
12/22/05,10.29
12/23/05,10.27
12/27/05,11.57
12/28/05,11.35
12/29/05,11.61
12/30/05,12.07
1/3/06,11.14
1/4/06,11.37
1/5/06,11.31
1/6/06,11
1/9/06,11.13
1/10/06,10.86
1/11/06,10.94
1/12/06,11.2
1/13/06,11.23
1/17/06,11.91
1/18/06,12.25
1/19/06,11.98
1/20/06,14.56
1/23/06,13.93
1/24/06,13.31
1/25/06,12.87
1/26/06,12.42
1/27/06,11.97
1/30/06,12.39
1/31/06,12.95
2/1/06,12.36
2/2/06,13.23
2/3/06,12.96
2/6/06,13.04
2/7/06,13.59
2/8/06,12.83
2/9/06,13.12
2/10/06,12.87
2/13/06,13.35
2/14/06,12.25
2/15/06,12.31
2/16/06,11.48
2/17/06,12.01
2/21/06,12.41
2/22/06,11.88
2/23/06,11.87
2/24/06,11.46
2/27/06,11.59
2/28/06,12.34
3/1/06,11.54
3/2/06,11.72
3/3/06,11.96
3/6/06,12.74
3/7/06,12.66
3/8/06,12.32
3/9/06,12.68
3/10/06,11.85
3/13/06,11.37
3/14/06,10.74
3/15/06,11.35
3/16/06,11.98
3/17/06,12.12
3/20/06,11.79
3/21/06,11.62
3/22/06,11.21
3/23/06,11.17
3/24/06,11.19
3/27/06,11.46
3/28/06,11.58
3/29/06,10.95
3/30/06,11.57
3/31/06,11.39
4/3/06,11.57
4/4/06,11.14
4/5/06,11.13
4/6/06,11.45
4/7/06,12.26
4/10/06,12.19
4/11/06,13
4/12/06,12.76
4/13/06,12.38
4/14/06,12.97
4/17/06,12.58
4/18/06,11.4
4/19/06,11.32
4/20/06,11.64
4/21/06,11.59
4/24/06,11.75
4/25/06,11.75
4/26/06,11.76
4/27/06,11.84
4/28/06,11.59
5/1/06,12.54
5/2/06,11.99
5/3/06,11.99
5/4/06,11.86
5/5/06,11.62
5/8/06,12
5/9/06,11.99
5/10/06,11.78
5/11/06,12.49
5/12/06,14.19
5/15/06,13.57
5/16/06,13.35
5/17/06,16.26
5/18/06,16.99
5/19/06,17.18
5/22/06,17.72
5/23/06,18.26
5/24/06,17.36
5/25/06,15.5
5/26/06,14.26
5/30/06,18.66
5/31/06,16.44
6/1/06,14.52
6/2/06,14.32
6/5/06,16.65
6/6/06,17.34
6/7/06,17.8
6/8/06,18.35
6/9/06,18.12
6/12/06,20.96
6/13/06,23.81
6/14/06,21.46
6/15/06,15.9
6/16/06,17.25
6/19/06,17.83
6/20/06,16.69
6/21/06,15.52
6/22/06,15.88
6/23/06,15.89
6/26/06,15.62
6/27/06,16.4
6/28/06,15.79
6/29/06,13.03
6/30/06,13.08
7/3/06,13.05
7/5/06,14.15
7/6/06,13.65
7/7/06,13.97
7/10/06,14.02
7/11/06,13.14
7/12/06,14.49
7/13/06,17.79
7/14/06,18.05
7/17/06,18.64
7/18/06,17.74
7/19/06,15.55
7/20/06,16.21
7/21/06,17.4
7/24/06,14.98
7/25/06,14.85
7/26/06,14.62
7/27/06,14.94
7/28/06,14.33
7/31/06,14.95
8/1/06,15.05
8/2/06,14.34
8/3/06,14.46
8/4/06,14.34
8/7/06,15.23
8/8/06,15.23
8/9/06,15.2
8/10/06,14.46
8/11/06,14.3
8/14/06,14.26
8/15/06,13.42
8/16/06,12.41
8/17/06,12.24
8/18/06,11.64
8/21/06,12.22
8/22/06,12.19
8/23/06,12.4
8/24/06,12.4
8/25/06,12.31
8/28/06,12.18
8/29/06,12.28
8/30/06,12.22
8/31/06,12.31
9/1/06,11.96
9/5/06,12.63
9/6/06,13.74
9/7/06,13.88
9/8/06,13.16
9/11/06,12.99
9/12/06,11.92
9/13/06,11.18
9/14/06,11.55
9/15/06,11.76
9/18/06,11.78
9/19/06,11.98
9/20/06,11.39
9/21/06,12.25
9/22/06,12.59
9/25/06,12.12
9/26/06,11.53
9/27/06,11.58
9/28/06,11.72
9/29/06,11.98
10/2/06,12.57
10/3/06,12.24
10/4/06,11.86
10/5/06,11.98
10/6/06,11.56
10/9/06,11.68
10/10/06,11.52
10/11/06,11.62
10/12/06,11.09
10/13/06,10.75
10/16/06,11.09
10/17/06,11.73
10/18/06,11.34
10/19/06,10.9
10/20/06,10.63
10/23/06,11.08
10/24/06,10.78
10/25/06,10.66
10/26/06,10.56
10/27/06,10.8
10/30/06,11.2
10/31/06,11.1
11/1/06,11.51
11/2/06,11.42
11/3/06,11.16
11/6/06,11.16
11/7/06,11.09
11/8/06,10.75
11/9/06,11.01
11/10/06,10.79
11/13/06,10.86
11/14/06,10.5
11/15/06,10.31
11/16/06,10.16
11/17/06,10.05
11/20/06,9.97
11/21/06,9.9
11/22/06,10.14
11/24/06,10.73
11/27/06,12.3
11/28/06,11.62
11/29/06,10.83
11/30/06,10.91
12/1/06,11.66
12/4/06,11.23
12/5/06,11.27
12/6/06,11.33
12/7/06,12.67
12/8/06,12.07
12/11/06,10.71
12/12/06,10.65
12/13/06,10.18
12/14/06,9.97
12/15/06,10.05
12/18/06,10.6
12/19/06,10.3
12/20/06,10.26
12/21/06,10.53
12/22/06,11.36
12/26/06,11.26
12/27/06,10.64
12/28/06,10.99
12/29/06,11.56
1/3/07,12.04
1/4/07,11.51
1/5/07,12.14
1/8/07,12
1/9/07,11.91
1/10/07,11.47
1/11/07,10.87
1/12/07,10.15
1/16/07,10.74
1/17/07,10.59
1/18/07,10.85
1/19/07,10.4
1/22/07,10.77
1/23/07,10.34
1/24/07,9.89
1/25/07,11.22
1/26/07,11.13
1/29/07,11.45
1/30/07,10.96
1/31/07,10.42
2/1/07,10.31
2/2/07,10.08
2/5/07,10.55
2/6/07,10.65
2/7/07,10.32
2/8/07,10.44
2/9/07,11.1
2/12/07,11.61
2/13/07,10.34
2/14/07,10.23
2/15/07,10.22
2/16/07,10.02
2/20/07,10.24
2/21/07,10.2
2/22/07,10.18
2/23/07,10.58
2/26/07,11.15
2/27/07,18.31
2/28/07,15.42
3/1/07,15.82
3/2/07,18.61
3/5/07,19.63
3/6/07,15.96
3/7/07,15.24
3/8/07,14.29
3/9/07,14.09
3/12/07,13.99
3/13/07,18.13
3/14/07,17.27
3/15/07,16.43
3/16/07,16.79
3/19/07,14.59
3/20/07,13.27
3/21/07,12.19
3/22/07,12.93
3/23/07,12.95
3/26/07,13.16
3/27/07,13.48
3/28/07,14.98
3/29/07,15.14
3/30/07,14.64
4/2/07,14.53
4/3/07,13.46
4/4/07,13.24
4/5/07,13.23
4/6/07,12.73
4/9/07,13.14
4/10/07,12.68
4/11/07,13.49
4/12/07,12.71
4/13/07,12.2
4/16/07,11.98
4/17/07,12.14
4/18/07,12.42
4/19/07,12.54
4/20/07,12.07
4/23/07,13.04
4/24/07,13.12
4/25/07,13.21
4/26/07,12.79
4/27/07,12.45
4/30/07,14.22
5/1/07,13.51
5/2/07,13.08
5/3/07,13.09
5/4/07,12.91
5/7/07,13.15
5/8/07,13.21
5/9/07,12.88
5/10/07,13.6
5/11/07,12.95
5/14/07,13.96
5/15/07,14.01
5/16/07,13.5
5/17/07,13.51
5/18/07,12.76
5/21/07,13.3
5/22/07,13.06
5/23/07,13.24
5/24/07,14.08
5/25/07,13.34
5/29/07,13.53
5/30/07,12.83
5/31/07,13.05
6/1/07,12.78
6/4/07,13.29
6/5/07,13.63
6/6/07,14.87
6/7/07,17.06
6/8/07,14.84
6/11/07,14.71
6/12/07,16.67
6/13/07,14.73
6/14/07,13.64
6/15/07,13.94
6/18/07,13.42
6/19/07,12.85
6/20/07,14.67
6/21/07,14.21
6/22/07,15.75
6/25/07,16.65
6/26/07,18.89
6/27/07,15.53
6/28/07,15.54
6/29/07,16.23
7/2/07,15.4
7/3/07,14.92
7/5/07,15.48
7/6/07,14.72
7/9/07,15.16
7/10/07,17.57
7/11/07,16.64
7/12/07,15.54
7/13/07,15.15
7/16/07,15.59
7/17/07,15.63
7/18/07,16
7/19/07,15.23
7/20/07,16.95
7/23/07,16.81
7/24/07,18.55
7/25/07,18.1
7/26/07,20.74
7/27/07,24.17
7/30/07,20.87
7/31/07,23.52
8/1/07,23.67
8/2/07,21.22
8/3/07,25.16
8/6/07,22.94
8/7/07,21.56
8/8/07,21.45
8/9/07,26.48
8/10/07,28.3
8/13/07,26.57
8/14/07,27.68
8/15/07,30.67
8/16/07,30.83
8/17/07,29.99
8/20/07,26.33
8/21/07,25.25
8/22/07,22.89
8/23/07,22.62
8/24/07,20.72
8/27/07,22.72
8/28/07,26.3
8/29/07,23.81
8/30/07,25.06
8/31/07,23.38
9/4/07,22.78
9/5/07,24.58
9/6/07,23.99
9/7/07,26.23
9/11/07,25.27
9/12/07,24.96
9/13/07,24.76
9/14/07,24.92
9/17/07,26.48
9/18/07,20.35
9/19/07,20.03
9/20/07,20.45
9/21/07,19
9/24/07,19.37
9/25/07,18.6
9/26/07,17.63
9/27/07,17
9/28/07,18
10/1/07,17.84
10/2/07,18.49
10/3/07,18.8
10/4/07,18.44
10/5/07,16.91
10/8/07,17.46
10/9/07,16.12
10/10/07,16.67
10/11/07,18.88
10/12/07,17.73
10/15/07,19.25
10/16/07,20.02
10/18/07,18.5
10/19/07,22.96
10/22/07,21.64
10/23/07,20.41
10/24/07,20.8
10/25/07,21.17
10/26/07,19.56
10/29/07,19.87
10/30/07,21.07
10/31/07,18.53
11/1/07,23.21
11/2/07,23.01
11/5/07,24.31
11/6/07,21.39
11/7/07,26.49
11/8/07,26.16
11/9/07,28.5
11/12/07,31.09
11/13/07,24.1
11/14/07,25.94
11/15/07,28.06
11/16/07,25.49
11/19/07,26.01
11/20/07,24.88
11/21/07,26.84
11/23/07,25.61
11/27/07,26.28
11/28/07,24.11
11/29/07,23.97
11/30/07,22.87
12/3/07,23.61
12/4/07,23.79
12/5/07,22.53
12/6/07,20.96
12/7/07,20.85
12/10/07,20.74
12/11/07,23.59
12/12/07,22.47
12/13/07,22.56
12/14/07,23.27
12/17/07,24.52
12/19/07,21.68
12/20/07,20.58
12/21/07,18.47
12/24/07,18.6
12/26/07,18.66
12/27/07,20.26
12/28/07,20.74
12/31/07,22.5
1/2/08,23.17
1/3/08,22.49
1/4/08,23.94
1/7/08,23.79
1/8/08,25.43
1/9/08,24.12
1/10/08,23.45
1/11/08,23.68
1/14/08,22.9
1/15/08,23.34
1/16/08,24.38
1/17/08,28.46
1/18/08,27.18
1/22/08,31.01
1/23/08,29.02
1/24/08,27.78
1/25/08,29.08
1/28/08,27.78
1/29/08,27.32
1/30/08,27.62
1/31/08,26.2
2/1/08,24.02
2/4/08,25.99
2/5/08,28.24
2/6/08,28.97
2/7/08,27.66
2/8/08,28.01
2/11/08,27.6
2/12/08,26.33
2/13/08,24.88
2/14/08,25.54
2/15/08,25.02
2/19/08,25.59
2/20/08,24.4
2/21/08,25.12
2/22/08,24.06
2/25/08,23.03
2/26/08,21.9
2/27/08,22.69
2/28/08,23.53
2/29/08,26.54
3/3/08,26.28
3/4/08,25.52
3/5/08,24.6
3/6/08,27.55
3/7/08,27.49
3/10/08,29.38
3/11/08,26.36
3/12/08,27.22
3/13/08,27.29
3/14/08,31.16
3/17/08,32.24
3/18/08,25.79
3/19/08,29.84
3/20/08,26.62
3/24/08,25.73
3/25/08,25.72
3/26/08,26.08
3/27/08,25.88
3/28/08,25.71
3/31/08,25.61
4/1/08,22.68
4/2/08,23.43
4/3/08,23.21
4/4/08,22.45
4/7/08,22.42
4/8/08,22.36
4/9/08,22.81
4/10/08,21.98
4/11/08,23.46
4/14/08,23.82
4/15/08,22.78
4/16/08,20.53
4/17/08,20.37
4/18/08,20.13
4/21/08,20.5
4/22/08,20.87
4/23/08,20.26
4/24/08,20.06
4/25/08,19.59
4/28/08,19.64
4/29/08,20.24
4/30/08,20.79
5/1/08,18.88
5/2/08,18.18
5/5/08,18.9
5/6/08,18.21
5/7/08,19.73
5/8/08,19.4
5/9/08,19.41
5/12/08,17.79
5/13/08,17.98
5/14/08,17.66
5/15/08,16.3
5/16/08,16.47
5/19/08,17.01
5/20/08,17.58
5/21/08,18.59
5/22/08,18.05
5/23/08,19.55
5/27/08,19.64
5/28/08,19.07
5/29/08,18.14
5/30/08,17.83
6/2/08,19.83
6/3/08,20.24
6/4/08,20.8
6/5/08,18.63
6/6/08,23.56
6/9/08,23.12
6/10/08,23.18
6/11/08,24.12
6/12/08,23.33
6/13/08,21.22
6/16/08,20.95
6/17/08,21.13
6/18/08,22.24
6/19/08,21.58
6/20/08,22.87
6/23/08,22.64
6/24/08,22.42
6/25/08,21.14
6/26/08,23.93
6/27/08,23.44
6/30/08,23.95
7/1/08,23.65
7/2/08,25.92
7/3/08,24.8
7/7/08,25.78
7/8/08,23.15
7/9/08,25.23
7/10/08,25.59
7/11/08,27.49
7/14/08,28.48
7/15/08,28.54
7/16/08,25.1
7/17/08,25.01
7/18/08,24.05
7/21/08,23.05
7/22/08,21.18
7/23/08,21.31
7/24/08,23.44
7/25/08,22.91
7/28/08,24.23
7/29/08,22.03
7/30/08,21.21
7/31/08,22.94
8/1/08,22.57
8/4/08,23.49
8/5/08,21.14
8/6/08,20.23
8/7/08,21.15
8/8/08,20.66
8/11/08,20.12
8/12/08,21.17
8/13/08,21.55
8/14/08,20.34
8/15/08,19.58
8/18/08,20.98
8/19/08,21.28
8/20/08,20.42
8/21/08,19.82
8/22/08,18.81
8/25/08,20.97
8/26/08,20.49
8/27/08,19.76
8/28/08,19.43
8/29/08,20.65
9/2/08,21.99
9/3/08,21.43
9/4/08,24.03
9/5/08,23.06
9/8/08,22.64
9/9/08,25.47
9/10/08,24.52
9/11/08,24.39
9/12/08,25.66
9/15/08,31.7
9/16/08,30.3
9/17/08,36.22
9/18/08,33.1
9/19/08,32.07
9/22/08,33.85
9/23/08,35.72
9/24/08,35.17
9/25/08,32.82
9/26/08,34.74
9/29/08,46.72
9/30/08,39.39
10/1/08,39.7
10/2/08,45.26
10/3/08,45.14
10/6/08,51.93
10/7/08,53.78
10/8/08,57.53
10/9/08,63.92
10/10/08,69.72
10/13/08,54.99
10/14/08,55.13
10/15/08,69.01
10/16/08,67.61
10/17/08,70.33
10/20/08,52.97
10/21/08,53.11
10/22/08,69.65
10/23/08,67.8
10/24/08,79.13
10/27/08,80.06
10/28/08,66.94
10/29/08,69.96
10/30/08,62.9
10/31/08,59.89
11/3/08,53.74
11/4/08,47.73
11/5/08,54.58
11/6/08,63.64
11/7/08,56.1
11/10/08,59.98
11/11/08,61.44
11/12/08,66.46
11/13/08,59.09
11/14/08,66.2
11/17/08,69.15
11/18/08,67.64
11/19/08,74.26
11/20/08,80.86
11/21/08,72.67
11/24/08,64.7
11/25/08,60.9
11/26/08,54.92
11/28/08,55.28
12/1/08,68.51
12/2/08,62.98
12/3/08,60.72
12/4/08,63.64
12/5/08,59.93
12/8/08,58.49
12/9/08,58.91
12/10/08,55.73
12/11/08,55.78
12/12/08,54.28
12/15/08,56.76
12/16/08,52.37
12/17/08,49.84
12/18/08,47.34
12/19/08,44.93
12/22/08,44.56
12/23/08,45.02
12/24/08,44.21
12/26/08,43.38
12/29/08,43.9
12/30/08,41.63
12/31/08,40
1/2/09,39.19
1/5/09,39.08
1/6/09,38.56
1/7/09,43.39
1/8/09,42.56
1/9/09,42.82
1/12/09,45.84
1/13/09,43.27
1/14/09,49.14
1/15/09,51
1/16/09,46.11
1/20/09,56.65
1/21/09,46.42
1/22/09,47.29
1/23/09,47.27
1/26/09,45.69
1/27/09,42.25
1/28/09,39.66
1/29/09,42.63
1/30/09,44.84
2/2/09,45.52
2/3/09,43.06
2/4/09,43.85
2/5/09,43.73
2/6/09,43.37
2/9/09,43.64
2/10/09,46.67
2/11/09,44.53
2/12/09,41.25
2/13/09,42.93
2/17/09,48.66
2/18/09,48.46
2/19/09,47.08
2/20/09,49.3
2/23/09,52.62
2/24/09,45.49
2/25/09,44.67
2/26/09,44.66
2/27/09,46.35
3/2/09,52.65
3/3/09,50.93
3/4/09,47.56
3/5/09,50.17
3/6/09,49.33
3/9/09,49.68
3/10/09,44.37
3/11/09,43.61
3/12/09,41.18
3/13/09,42.36
3/16/09,43.74
3/17/09,40.8
3/18/09,40.06
3/19/09,43.68
3/20/09,45.89
3/23/09,43.23
3/24/09,42.93
3/25/09,42.25
3/26/09,40.36
3/27/09,41.04
3/30/09,45.54
3/31/09,44.14
4/1/09,42.28
4/2/09,42.04
4/3/09,39.7
4/6/09,40.93
4/7/09,40.39
4/8/09,38.85
4/9/09,36.53
4/13/09,37.81
4/14/09,37.67
4/15/09,36.17
4/16/09,35.79
4/17/09,33.94
4/20/09,39.18
4/21/09,37.14
4/22/09,38.1
4/23/09,37.15
4/24/09,36.82
4/27/09,38.32
4/28/09,37.95
4/29/09,36.08
4/30/09,36.5
5/1/09,35.3
5/4/09,34.53
5/5/09,33.36
5/6/09,32.45
5/7/09,33.44
5/8/09,32.05
5/11/09,32.87
5/12/09,31.8
5/13/09,33.65
5/14/09,31.37
5/15/09,33.12
5/18/09,30.24
5/19/09,28.8
5/20/09,29.03
5/21/09,31.35
5/22/09,32.63
5/26/09,30.62
5/27/09,32.36
5/28/09,31.67
5/29/09,28.92
6/1/09,30.04
6/2/09,29.63
6/3/09,31.02
6/4/09,30.18
6/5/09,29.62
6/8/09,29.77
6/9/09,28.27
6/10/09,28.46
6/11/09,28.11
6/12/09,28.15
6/15/09,30.81
6/16/09,32.68
6/17/09,31.54
6/18/09,30.03
6/19/09,27.99
6/22/09,31.17
6/23/09,30.58
6/24/09,29.05
6/25/09,26.36
6/26/09,25.93
6/29/09,25.35
6/30/09,26.35
7/1/09,26.22
7/2/09,27.95
7/6/09,29
7/7/09,30.85
7/8/09,31.3
7/9/09,29.78
7/10/09,29.02
7/13/09,26.31
7/14/09,25.02
7/15/09,25.89
7/16/09,25.42
7/17/09,24.34
7/20/09,24.4
7/21/09,23.87
7/22/09,23.47
7/23/09,23.43
7/24/09,23.09
7/27/09,24.28
7/28/09,25.01
7/29/09,25.61
7/30/09,25.4
7/31/09,25.92
8/3/09,25.56
8/4/09,24.89
8/5/09,24.9
8/6/09,25.67
8/7/09,24.76
8/10/09,24.99
8/11/09,25.99
8/12/09,25.45
8/13/09,24.71
8/14/09,24.27
8/17/09,27.89
8/18/09,26.18
8/19/09,26.26
8/20/09,25.09
8/21/09,25.01
8/24/09,25.14
8/25/09,24.92
8/26/09,24.95
8/27/09,24.68
8/28/09,24.76
8/31/09,26.01
9/1/09,29.15
9/2/09,28.9
9/3/09,27.1
9/4/09,25.26
9/8/09,25.62
9/9/09,24.32
9/10/09,23.55
9/11/09,24.15
9/14/09,23.86
9/15/09,23.42
9/16/09,23.69
9/17/09,23.65
9/18/09,23.92
9/21/09,24.06
9/22/09,23.08
9/23/09,23.49
9/24/09,24.95
9/25/09,25.61
9/28/09,24.88
9/29/09,25.19
9/30/09,25.61
10/1/09,28.27
10/2/09,28.68
10/5/09,26.84
10/6/09,25.7
10/7/09,24.68
10/8/09,24.18
10/9/09,23.12
10/12/09,23.01
10/13/09,22.99
10/14/09,22.86
10/15/09,21.72
10/16/09,21.43
10/19/09,21.49
10/20/09,20.9
10/21/09,22.22
10/22/09,20.69
10/23/09,22.27
10/26/09,24.31
10/27/09,24.83
10/28/09,27.91
10/29/09,24.76
10/30/09,30.69
11/2/09,29.78
11/3/09,28.81
11/4/09,27.72
11/5/09,25.43
11/6/09,24.19
11/9/09,23.15
11/10/09,22.84
11/11/09,23.04
11/12/09,24.24
11/13/09,23.36
11/16/09,22.89
11/17/09,22.41
11/18/09,21.63
11/19/09,22.63
11/20/09,22.19
11/23/09,21.16
11/24/09,20.47
11/25/09,20.48
11/27/09,24.74
11/30/09,24.51
12/1/09,21.92
12/2/09,21.12
12/3/09,22.46
12/4/09,21.25
12/7/09,22.1
12/8/09,23.69
12/9/09,22.66
12/10/09,22.32
12/11/09,21.59
12/14/09,21.15
12/15/09,21.49
12/16/09,20.54
12/17/09,22.51
12/18/09,21.68
12/21/09,20.49
12/22/09,19.54
12/23/09,19.71
12/24/09,19.47
12/28/09,19.93
12/29/09,20.01
12/30/09,19.96
12/31/09,21.68
1/4/10,20.04
1/5/10,19.35
1/6/10,19.16
1/7/10,19.06
1/8/10,18.13
1/11/10,17.55
1/12/10,18.25
1/13/10,17.85
1/14/10,17.63
1/15/10,17.91
1/19/10,17.58
1/20/10,18.68
1/21/10,22.27
1/22/10,27.31
1/25/10,25.41
1/26/10,24.55
1/27/10,23.14
1/28/10,23.73
1/29/10,24.62
2/1/10,22.59
2/2/10,21.48
2/3/10,21.6
2/4/10,26.08
2/5/10,26.11
2/8/10,26.51
2/9/10,26
2/10/10,25.4
2/11/10,23.96
2/12/10,22.73
2/16/10,22.25
2/17/10,21.72
2/18/10,20.63
2/19/10,20.02
2/22/10,19.94
2/23/10,21.37
2/24/10,20.27
2/25/10,20.1
2/26/10,19.5
3/1/10,19.26
3/2/10,19.06
3/3/10,18.83
3/4/10,18.72
3/5/10,17.42
3/8/10,17.79
3/9/10,17.92
3/10/10,18.57
3/11/10,18.06
3/12/10,17.58
3/15/10,18
3/16/10,17.69
3/17/10,16.91
3/18/10,16.62
3/19/10,16.97
3/22/10,16.87
3/23/10,16.35
3/24/10,17.55
3/25/10,18.4
3/26/10,17.77
3/29/10,17.59
3/30/10,17.13
3/31/10,17.59
4/1/10,17.47
4/5/10,17.02
4/6/10,16.23
4/7/10,16.62
4/8/10,16.48
4/9/10,16.14
4/12/10,15.58
4/13/10,16.2
4/14/10,15.59
4/15/10,15.89
4/16/10,18.36
4/19/10,17.34
4/20/10,15.73
4/21/10,16.32
4/22/10,16.47
4/23/10,16.62
4/26/10,17.47
4/27/10,22.81
4/28/10,21.08
4/29/10,18.44
4/30/10,22.06
5/3/10,20.19
5/4/10,23.84
5/5/10,24.91
5/6/10,32.8
5/7/10,40.95
5/10/10,28.84
5/11/10,28.32
5/12/10,25.52
5/13/10,26.68
5/14/10,31.24
5/17/10,30.84
5/18/10,33.55
5/19/10,35.32
5/20/10,45.79
5/21/10,40.1
5/24/10,38.32
5/25/10,34.61
5/26/10,35.02
5/27/10,29.68
5/28/10,32.07
6/1/10,35.54
6/2/10,30.17
6/3/10,29.46
6/4/10,35.48
6/7/10,36.57
6/8/10,33.7
6/9/10,33.73
6/10/10,30.57
6/11/10,28.79
6/14/10,28.58
6/15/10,25.87
6/16/10,25.92
6/17/10,25.05
6/18/10,23.95
6/21/10,24.88
6/22/10,27.05
6/23/10,26.91
6/24/10,34.94
6/25/10,28.53
6/28/10,29
6/29/10,34.13
6/30/10,34.54
7/1/10,32.86
7/2/10,30.12
7/6/10,29.65
7/7/10,26.84
7/8/10,25.71
7/9/10,24.98
7/12/10,24.43
7/13/10,24.56
7/14/10,24.89
7/15/10,25.14
7/16/10,26.25
7/19/10,25.97
7/20/10,23.93
7/21/10,25.64
7/22/10,24.63
7/23/10,23.47
7/27/10,23.19
7/28/10,24.25
7/29/10,24.13
7/30/10,23.5
8/2/10,22.01
8/3/10,22.63
8/4/10,22.21
8/5/10,22.1
8/6/10,21.74
8/9/10,22.14
8/10/10,22.37
8/11/10,25.39
8/12/10,25.73
8/13/10,26.24
8/16/10,26.1
8/17/10,24.33
8/18/10,24.59
8/19/10,26.44
8/20/10,25.49
8/23/10,25.66
8/24/10,27.46
8/25/10,26.7
8/26/10,27.37
8/27/10,24.45
8/30/10,27.21
8/31/10,26.05
9/1/10,23.89
9/2/10,23.19
9/3/10,21.31
9/7/10,23.8
9/8/10,23.25
9/9/10,22.81
9/10/10,21.99
9/13/10,21.21
9/14/10,21.56
9/15/10,22.1
9/16/10,21.72
9/17/10,22.01
9/20/10,21.5
9/21/10,22.35
9/22/10,22.51
9/23/10,23.87
9/24/10,21.71
9/27/10,22.54
9/28/10,22.6
9/29/10,23.25
9/30/10,23.7
10/1/10,22.5
10/4/10,23.53
10/5/10,21.76
10/6/10,21.71
10/7/10,21.56
10/8/10,20.71
10/11/10,18.96
10/12/10,18.93
10/13/10,19.07
10/14/10,19.88
10/15/10,19.03
10/18/10,19.09
10/19/10,20.63
10/20/10,19.79
10/21/10,19.27
10/22/10,18.78
10/25/10,19.85
10/26/10,20.22
10/27/10,20.71
10/28/10,20.88
10/29/10,21.2
11/1/10,21.83
11/2/10,21.57
11/3/10,19.56
11/4/10,18.52
11/5/10,18.26
11/8/10,18.29
11/9/10,19.08
11/10/10,18.47
11/11/10,18.64
11/12/10,20.61
11/15/10,20.2
11/16/10,22.58
11/17/10,21.76
11/18/10,18.75
11/19/10,18.04
11/22/10,18.37
11/23/10,20.63
11/24/10,19.56
11/26/10,22.22
11/29/10,21.53
11/30/10,23.54
12/1/10,21.36
12/2/10,19.39
12/3/10,18.01
12/6/10,18.02
12/7/10,17.99
12/8/10,17.74
12/9/10,17.25
12/10/10,17.61
12/13/10,17.55
12/14/10,17.61
12/15/10,17.94
12/16/10,17.39
12/17/10,16.11
12/20/10,16.41
12/21/10,16.49
12/22/10,15.45
12/23/10,16.47
12/27/10,17.67
12/28/10,17.52
12/29/10,17.28
12/30/10,17.52
12/31/10,17.75
1/3/11,17.61
1/4/11,17.38
1/5/11,17.02
1/6/11,17.4
1/7/11,17.14
1/10/11,17.54
1/11/11,16.89
1/12/11,16.24
1/13/11,16.39
1/14/11,15.46
1/18/11,15.87
1/19/11,17.31
1/20/11,17.99
1/21/11,18.47
1/24/11,17.65
1/25/11,17.59
1/26/11,16.64
1/27/11,16.15
1/28/11,20.04
1/31/11,19.53
2/1/11,17.63
2/2/11,17.3
2/3/11,16.69
2/4/11,15.93
2/7/11,16.28
2/8/11,15.81
2/9/11,15.87
2/10/11,16.09
2/11/11,15.69
2/14/11,15.95
2/15/11,16.37
2/16/11,16.72
2/17/11,16.59
2/18/11,16.43
2/22/11,20.8
2/23/11,22.13
2/24/11,21.32
2/25/11,19.22
2/28/11,18.35
3/1/11,21.01
3/2/11,20.7
3/3/11,18.6
3/4/11,19.06
3/7/11,20.66
3/8/11,19.82
3/9/11,20.22
3/10/11,21.88
3/11/11,20.08
3/14/11,21.13
3/15/11,24.32
3/16/11,29.4
3/17/11,26.37
3/18/11,24.44
3/21/11,20.61
3/22/11,20.21
3/23/11,19.17
3/24/11,18
3/25/11,17.91
3/28/11,19.44
3/29/11,18.16
3/30/11,17.71
3/31/11,17.74
4/1/11,17.4
4/4/11,17.5
4/5/11,17.25
4/6/11,16.9
4/7/11,17.11
4/8/11,17.87
4/11/11,16.59
4/12/11,17.09
4/13/11,16.92
4/14/11,16.27
4/15/11,15.32
4/18/11,16.96
4/19/11,15.83
4/20/11,15.07
4/21/11,14.69
4/25/11,15.77
4/26/11,15.62
4/27/11,15.35
4/28/11,14.62
4/29/11,14.75
5/2/11,15.99
5/3/11,16.7
5/4/11,17.08
5/5/11,18.2
5/6/11,18.4
5/9/11,17.16
5/10/11,15.91
5/11/11,16.95
5/12/11,16.03
5/13/11,17.07
5/16/11,18.24
5/17/11,17.55
5/18/11,16.23
5/19/11,15.52
5/20/11,17.43
5/23/11,18.27
5/24/11,17.82
5/25/11,17.07
5/26/11,16.09
5/27/11,15.98
5/31/11,15.45
6/1/11,18.3
6/2/11,18.09
6/3/11,17.95
6/6/11,18.49
6/7/11,18.07
6/8/11,18.79
6/9/11,17.77
6/10/11,18.86
6/13/11,19.61
6/14/11,18.26
6/15/11,21.32
6/16/11,22.73
6/17/11,21.85
6/20/11,19.99
6/21/11,18.86
6/22/11,18.52
6/23/11,19.29
6/24/11,21.1
6/27/11,20.56
6/28/11,19.17
6/29/11,17.27
6/30/11,16.52
7/1/11,15.87
7/5/11,16.06
7/6/11,16.34
7/7/11,15.95
7/8/11,15.95
7/11/11,18.39
7/12/11,19.87
7/13/11,19.91
7/14/11,20.8
7/15/11,19.53
7/18/11,20.95
7/19/11,19.21
7/20/11,19.09
7/21/11,17.56
7/22/11,17.52
7/25/11,19.35
7/26/11,20.23
7/27/11,22.98
7/28/11,23.74
7/29/11,25.25
8/1/11,23.66
8/2/11,24.79
8/3/11,23.38
8/4/11,31.66
8/5/11,32
8/8/11,48
8/9/11,35.06
8/10/11,42.99
8/11/11,39
8/12/11,36.36
8/15/11,31.87
8/16/11,32.85
8/17/11,31.58
8/18/11,42.67
8/19/11,43.05
8/22/11,42.44
8/23/11,36.27
8/24/11,35.9
8/25/11,39.76
8/26/11,35.59
8/29/11,32.28
8/30/11,32.89
8/31/11,31.62
9/1/11,31.82
9/2/11,33.92
9/6/11,37
9/7/11,33.38
9/8/11,34.32
9/9/11,38.52
9/12/11,38.59
9/13/11,36.91
9/14/11,34.6
9/15/11,31.97
9/16/11,30.98
9/19/11,32.73
9/20/11,32.86
9/21/11,37.32
9/22/11,41.35
9/23/11,41.25
9/26/11,39.02
9/27/11,37.71
9/28/11,41.08
9/29/11,38.84
9/30/11,42.96
10/3/11,45.45
10/4/11,40.82
10/5/11,37.81
10/6/11,36.27
10/7/11,36.2
10/10/11,33.02
10/11/11,32.86
10/12/11,31.26
10/13/11,30.7
10/14/11,28.24
10/17/11,33.39
10/18/11,31.56
10/19/11,34.44
10/20/11,34.78
10/21/11,31.32
10/24/11,29.26
10/25/11,32.22
10/26/11,29.86
10/27/11,25.46
10/28/11,24.53
10/31/11,29.96
11/1/11,34.77
11/2/11,32.74
11/3/11,30.5
11/4/11,30.16
11/7/11,29.85
11/8/11,27.48
11/9/11,36.16
11/10/11,32.81
11/11/11,30.04
11/14/11,31.13
11/15/11,31.22
11/16/11,33.51
11/17/11,34.51
11/18/11,32
11/21/11,32.91
11/22/11,31.97
11/23/11,33.98
11/25/11,34.47
11/28/11,32.13
11/29/11,30.64
11/30/11,27.8
12/1/11,27.41
12/2/11,27.52
12/5/11,27.84
12/6/11,28.13
12/7/11,28.67
12/8/11,30.59
12/9/11,26.38
12/12/11,25.67
12/13/11,25.41
12/14/11,26.04
12/15/11,25.11
12/16/11,24.29
12/19/11,24.92
12/20/11,23.22
12/21/11,21.43
12/22/11,21.16
12/23/11,20.73
12/27/11,21.91
12/28/11,23.52
12/29/11,22.65
12/30/11,23.4
1/3/12,22.97
1/4/12,22.22
1/5/12,21.48
1/6/12,20.63
1/9/12,21.07
1/10/12,20.69
1/11/12,21.05
1/12/12,20.47
1/13/12,20.91
1/17/12,22.2
1/18/12,20.89
1/19/12,19.87
1/20/12,18.28
1/23/12,18.67
1/24/12,18.91
1/25/12,18.31
1/26/12,18.57
1/27/12,18.53
1/30/12,19.4
1/31/12,19.44
2/1/12,18.55
2/2/12,17.98
2/3/12,17.1
2/6/12,17.76
2/7/12,17.65
2/8/12,18.16
2/9/12,18.63
2/10/12,20.79
2/13/12,19.04
2/14/12,19.54
2/15/12,21.14
2/16/12,19.22
2/17/12,17.78
2/21/12,18.19
2/22/12,18.19
2/23/12,16.8
2/24/12,17.31
2/27/12,18.19
2/28/12,17.96
2/29/12,18.43
3/1/12,17.26
3/2/12,17.29
3/5/12,18.05
3/6/12,20.87
3/7/12,19.07
3/8/12,17.95
3/9/12,17.11
3/12/12,15.64
3/13/12,14.8
3/14/12,15.31
3/15/12,15.42
3/16/12,14.47
3/19/12,15.04
3/20/12,15.58
3/21/12,15.13
3/22/12,15.57
3/23/12,14.82
3/26/12,14.26
3/27/12,15.59
3/28/12,15.47
3/29/12,15.48
3/30/12,15.5
4/2/12,15.64
4/3/12,15.66
4/4/12,16.44
4/5/12,16.7
4/9/12,18.81
4/10/12,20.39
4/11/12,20.02
4/12/12,17.2
4/13/12,19.55
4/16/12,19.55
4/17/12,18.46
4/18/12,18.64
4/19/12,18.36
4/20/12,17.44
4/23/12,18.97
4/24/12,18.1
4/25/12,16.82
4/26/12,16.24
4/27/12,16.32
4/30/12,17.15
5/1/12,16.6
5/2/12,16.88
5/3/12,17.56
5/4/12,19.16
5/7/12,18.94
5/8/12,19.05
5/9/12,20.08
5/10/12,18.83
5/11/12,19.89
5/14/12,21.87
5/15/12,21.97
5/16/12,22.27
5/17/12,24.49
5/18/12,25.1
5/21/12,22.01
5/22/12,22.48
5/23/12,22.33
5/24/12,21.54
5/25/12,21.76
5/29/12,21.03
5/30/12,24.14
5/31/12,24.06
6/1/12,26.66
6/4/12,26.12
6/5/12,24.68
6/6/12,22.16
6/7/12,21.72
6/8/12,21.23
6/11/12,23.56
6/12/12,22.09
6/13/12,24.27
6/14/12,21.68
6/15/12,21.11
6/18/12,18.32
6/19/12,18.38
6/20/12,17.24
6/21/12,20.08
6/22/12,18.11
6/25/12,20.38
6/26/12,19.72
6/27/12,19.45
6/28/12,19.71
6/29/12,17.08
7/2/12,16.8
7/3/12,16.66
7/4/12,16.66
7/5/12,17.5
7/6/12,17.1
7/9/12,17.98
7/10/12,18.72
7/11/12,17.95
7/12/12,18.33
7/13/12,16.74
7/16/12,17.11
7/17/12,16.48
7/18/12,16.16
7/19/12,15.45
7/20/12,16.27
7/23/12,18.62
7/24/12,20.47
7/25/12,19.34
7/26/12,17.53
7/27/12,16.7
7/30/12,18.03
7/31/12,18.93
8/1/12,18.96
8/2/12,17.57
8/3/12,15.64
8/6/12,15.95
8/7/12,15.99
8/8/12,15.32
8/9/12,15.28
8/10/12,14.74
8/13/12,13.7
8/14/12,14.85
8/15/12,14.63
8/16/12,14.29
8/17/12,13.45
8/20/12,14.02
8/21/12,15.02
8/22/12,15.11
8/23/12,15.96
8/24/12,15.18
8/27/12,16.35
8/28/12,16.49
8/29/12,17.06
8/30/12,17.83
8/31/12,17.47
9/3/12,17.47
9/4/12,17.98
9/5/12,17.74
9/6/12,15.6
9/7/12,14.38
9/10/12,16.28
9/11/12,16.41
9/12/12,15.8
9/13/12,14.05
9/14/12,14.51
9/17/12,14.59
9/18/12,14.18
9/19/12,13.88
9/20/12,14.07
9/21/12,13.98
9/24/12,14.15
9/25/12,15.43
9/26/12,16.81
9/27/12,14.84
9/28/12,15.73
10/1/12,16.32
10/2/12,15.71
10/3/12,15.43
10/4/12,14.55
10/5/12,14.33
10/8/12,15.11
10/9/12,16.37
10/10/12,16.29
10/11/12,15.59
10/12/12,16.14
10/15/12,15.27
10/16/12,15.22
10/17/12,15.07
10/18/12,15.03
10/19/12,17.06
10/22/12,16.62
10/23/12,18.83
10/24/12,18.33
10/25/12,18.12
10/26/12,17.81
10/29/12,17.81
10/30/12,17.81
10/31/12,18.6
11/1/12,16.69
11/2/12,17.59
11/5/12,18.42
11/6/12,17.58
11/7/12,19.08
11/8/12,18.49
11/9/12,18.61
11/12/12,16.68
11/13/12,16.65
11/14/12,17.92
11/15/12,17.99
11/16/12,16.41
11/19/12,15.24
11/20/12,15.38
11/21/12,15.31
11/22/12,15.31
11/23/12,15.14
11/26/12,15.5
11/27/12,15.92
11/28/12,15.51
11/29/12,15.06
11/30/12,15.87
12/3/12,16.64
12/4/12,17.12
12/5/12,16.46
12/6/12,16.58
12/7/12,15.9
12/10/12,16.05
12/11/12,15.57
12/12/12,15.95
12/13/12,16.56
12/14/12,17
12/17/12,16.34
12/18/12,15.57
12/19/12,17.36
12/20/12,17.67
12/21/12,17.84
12/24/12,17.84
12/25/12,17.84
12/26/12,19.48
12/27/12,19.47
12/28/12,22.72
12/31/12,18.02
1/1/13,18.02
1/2/13,14.68
1/3/13,14.56
1/4/13,13.83
1/7/13,13.79
1/8/13,13.62
1/9/13,13.81
1/10/13,13.49
1/11/13,13.36
1/14/13,13.52
1/15/13,13.55
1/16/13,13.42
1/17/13,13.57
1/18/13,12.46
1/21/13,12.46
1/22/13,12.43
1/23/13,12.46
1/24/13,12.69
1/25/13,12.89
1/28/13,13.57
1/29/13,13.31
1/30/13,14.32
1/31/13,14.28
2/1/13,12.9
2/4/13,14.67
2/5/13,13.72
2/6/13,13.41
2/7/13,13.5
2/8/13,13.02
2/11/13,12.94
2/12/13,12.64
2/13/13,12.98
2/14/13,12.66
2/15/13,12.46
2/19/13,12.31
2/20/13,14.68
2/21/13,15.22
2/22/13,14.17
2/25/13,18.99
2/26/13,16.87
2/27/13,14.73
2/28/13,15.51
3/1/13,15.36
3/4/13,14.01
3/5/13,13.48
3/6/13,13.53
3/7/13,13.06
3/8/13,12.59
3/11/13,11.56
3/12/13,12.27
3/13/13,11.83
3/14/13,11.3
3/15/13,11.3
3/18/13,13.36
3/19/13,14.39
3/20/13,12.67
3/21/13,13.99
3/22/13,13.57
3/25/13,13.74
3/26/13,12.77
3/27/13,13.15
3/28/13,12.7
4/1/13,13.58
4/2/13,12.78
4/3/13,14.21
4/4/13,13.89
4/5/13,13.92
4/8/13,13.19
4/9/13,12.84
4/10/13,12.36
4/11/13,12.24
4/12/13,12.06
4/15/13,17.27
4/16/13,13.96
4/17/13,16.51
4/18/13,17.56
4/19/13,14.97
4/22/13,14.39
4/23/13,13.48
4/24/13,13.61
4/25/13,13.62
4/26/13,13.61
4/29/13,13.71
4/30/13,13.52
5/1/13,14.49
5/2/13,13.59
5/3/13,12.85
5/6/13,12.66
5/7/13,12.83
5/8/13,12.66
5/9/13,13.13
5/10/13,12.59
5/13/13,12.55
5/14/13,12.77
5/15/13,12.81
5/16/13,13.07
5/17/13,12.45
5/20/13,13.02
5/21/13,13.37
5/22/13,13.82
5/23/13,14.07
5/24/13,13.99
5/28/13,14.48
5/29/13,14.83
5/30/13,14.53
5/31/13,16.3
6/3/13,16.28
6/4/13,16.27
6/5/13,17.5
6/6/13,16.63
6/7/13,15.14
6/10/13,15.44
6/11/13,17.07
6/12/13,18.59
6/13/13,16.41
6/14/13,17.15
6/17/13,16.8
6/18/13,16.61
6/19/13,16.64
6/20/13,20.49
6/21/13,18.9
6/24/13,20.11
6/25/13,18.47
6/26/13,17.21
6/27/13,16.86
6/28/13,16.86
7/1/13,16.37
7/2/13,16.44
7/3/13,16.2
7/5/13,14.89
7/8/13,14.78
7/9/13,14.35
7/10/13,14.21
7/11/13,14.01
7/12/13,13.84
7/15/13,13.79
7/16/13,14.42
7/17/13,13.78
7/18/13,13.77
7/19/13,12.54
7/22/13,12.29
7/23/13,12.66
7/24/13,13.18
7/25/13,12.97
7/26/13,12.72
7/29/13,13.39
7/30/13,13.39
7/31/13,13.45
8/1/13,12.94
8/2/13,11.98
8/5/13,11.84
8/6/13,12.72
8/7/13,12.98
8/8/13,12.73
8/9/13,13.41
8/12/13,12.81
8/13/13,12.31
8/14/13,13.04
8/15/13,14.73
8/16/13,14.37
8/19/13,15.1
8/20/13,14.91
8/21/13,15.94
8/22/13,14.76
8/23/13,13.98
8/26/13,14.99
8/27/13,16.77
8/28/13,16.49
8/29/13,16.81
8/30/13,17.01
9/3/13,16.61
9/4/13,15.88
9/5/13,15.77
9/6/13,15.85
9/9/13,15.63
9/10/13,14.53
9/11/13,13.82
9/12/13,14.29
9/13/13,14.16
9/16/13,14.38
9/17/13,14.53
9/18/13,13.59
9/19/13,13.16
9/20/13,13.12
9/23/13,14.31
9/24/13,14.08
9/25/13,14.01
9/26/13,14.06
9/27/13,15.46
9/30/13,16.6
10/1/13,15.54
10/2/13,16.6
10/3/13,17.67
10/4/13,16.74
10/7/13,19.41
10/8/13,20.34
10/9/13,19.6
10/10/13,16.48
10/11/13,15.72
10/14/13,16.07
10/15/13,18.66
10/16/13,14.71
10/17/13,13.48
10/18/13,13.04
10/21/13,13.16
10/22/13,13.33
10/23/13,13.42
10/24/13,13.2
10/25/13,13.09
10/28/13,13.31
10/29/13,13.41
10/30/13,13.65
10/31/13,13.75
11/1/13,13.28
11/4/13,12.93
11/5/13,13.27
11/6/13,12.67
11/7/13,13.91
11/8/13,12.9
11/11/13,12.53
11/12/13,12.82
11/13/13,12.52
11/14/13,12.37
11/15/13,12.19
11/18/13,13.1
11/19/13,13.39
11/20/13,13.4
11/21/13,12.66
11/22/13,12.26
11/25/13,12.79
11/26/13,12.81
11/27/13,12.98
11/29/13,13.7
12/2/13,14.23
12/3/13,14.55
12/4/13,14.7
12/5/13,15.08
12/6/13,13.79
12/9/13,13.49
12/10/13,13.91
12/11/13,15.42
12/12/13,15.54
12/13/13,15.76
12/16/13,16.03
12/17/13,16.21
12/18/13,13.8
12/19/13,14.15
12/20/13,13.79
12/23/13,13.04
12/24/13,12.48
12/26/13,12.33
12/27/13,12.46
12/30/13,13.56
12/31/13,13.72
1/2/14,14.23
1/3/14,13.76
1/6/14,13.55
1/7/14,12.92
1/8/14,12.87
1/9/14,12.89
1/10/14,12.14
1/13/14,13.28
1/14/14,12.28
1/15/14,12.28
1/16/14,12.53
1/17/14,12.44
1/21/14,12.87
1/22/14,12.84
1/23/14,13.77
1/24/14,18.14
1/27/14,17.42
1/28/14,15.8
1/29/14,17.35
1/30/14,17.29
1/31/14,18.41
2/3/14,21.44
2/4/14,19.11
2/5/14,19.95
2/6/14,17.23
2/7/14,15.29
2/10/14,15.26
2/11/14,14.51
2/12/14,14.3
2/13/14,14.14
2/14/14,13.57
2/18/14,13.87
2/20/14,14.79
2/21/14,14.68
2/24/14,14.23
2/25/14,13.67
2/26/14,14.35
2/27/14,14.04
2/28/14,14
3/3/14,16
3/4/14,14.1
3/5/14,13.89
3/6/14,14.21
3/7/14,14.11
3/10/14,14.2
3/11/14,14.8
3/12/14,14.47
3/13/14,16.22
3/14/14,17.82
3/17/14,15.64
3/18/14,14.52
3/19/14,15.12
3/20/14,14.52
3/21/14,15
3/24/14,15.09
3/25/14,14.02
3/26/14,14.93
3/27/14,14.62
3/28/14,14.41
3/31/14,13.88
4/1/14,13.1
4/2/14,13.09
4/3/14,13.37
4/4/14,13.96
4/7/14,15.57
4/8/14,14.89
4/9/14,13.82
4/10/14,15.89
4/11/14,17.03
4/14/14,16.11
4/15/14,15.61
4/16/14,14.18
4/17/14,13.36
4/21/14,13.25
4/22/14,13.19
4/23/14,13.27
4/24/14,13.32
4/25/14,14.06
4/28/14,13.97
4/29/14,13.71
4/30/14,13.41
5/1/14,13.25
5/2/14,12.91
5/5/14,13.29
5/6/14,13.8
5/7/14,13.4
5/8/14,13.43
5/9/14,12.92
5/12/14,12.23
5/13/14,12.13
5/14/14,12.17
5/15/14,13.17
5/16/14,12.44
5/19/14,12.42
5/20/14,12.96
5/21/14,11.91
5/22/14,12.03
5/23/14,11.36
5/27/14,11.51
5/28/14,11.68
5/29/14,11.57
5/30/14,11.4
6/2/14,11.58
6/3/14,11.87
6/4/14,12.08
6/5/14,11.68
6/6/14,10.73
6/9/14,11.15
6/10/14,10.99
6/11/14,11.6
6/12/14,12.56
6/13/14,12.18
6/16/14,12.65
6/17/14,12.06
6/18/14,10.61
6/19/14,10.62
6/20/14,10.85
6/23/14,10.98
6/24/14,12.13
6/25/14,11.59
6/26/14,11.63
6/27/14,11.26
6/30/14,11.57
7/1/14,11.15
7/2/14,10.82
7/3/14,10.32
7/7/14,11.33
7/8/14,11.98
7/9/14,11.65
7/10/14,12.59
7/11/14,12.08
7/14/14,11.82
7/15/14,11.96
7/16/14,11
7/17/14,14.54
7/18/14,12.06
7/21/14,12.81
7/22/14,12.24
7/23/14,11.52
7/24/14,11.84
7/25/14,12.69
7/28/14,12.56
7/29/14,13.28
7/30/14,13.33
7/31/14,16.95
8/1/14,17.03
8/4/14,15.12
8/5/14,16.87
8/6/14,16.37
8/7/14,16.66
8/8/14,15.77
8/11/14,14.23
8/12/14,14.13
8/13/14,12.9
8/14/14,12.42
8/15/14,13.15
8/18/14,12.32
8/19/14,12.21
8/20/14,11.78
8/21/14,11.76
8/22/14,11.47
8/25/14,11.7
8/26/14,11.63
8/27/14,11.78
8/28/14,12.05
8/29/14,11.98
9/2/14,12.25
9/3/14,12.36
9/4/14,12.64
9/5/14,12.09
9/8/14,12.66
9/9/14,13.5
9/10/14,12.88
9/11/14,12.8
9/12/14,13.31
9/15/14,14.12
9/16/14,12.73
9/17/14,12.65
9/18/14,12.03
9/19/14,12.11
9/22/14,13.69
9/23/14,14.93
9/24/14,13.27
9/25/14,15.64
9/26/14,14.85
9/29/14,15.98
9/30/14,16.31
10/1/14,16.71
10/2/14,16.16
10/3/14,14.55
10/6/14,15.46
10/7/14,17.2
10/8/14,15.11
10/9/14,18.76
10/10/14,21.24
10/13/14,24.64
10/14/14,22.79
10/15/14,26.25
10/16/14,25.2
10/17/14,21.99
10/20/14,18.57
10/21/14,16.08
10/22/14,17.87
10/23/14,16.53
10/24/14,16.11
10/27/14,16.04
10/28/14,14.39
10/29/14,15.15
10/30/14,14.52
10/31/14,14.03
11/3/14,14.73
11/4/14,14.89
11/5/14,14.17
11/6/14,13.67
11/7/14,13.12
11/10/14,12.67
11/11/14,12.92
11/12/14,13.02
11/13/14,13.79
11/14/14,13.31
11/17/14,13.99
11/18/14,13.86
11/19/14,13.96
11/20/14,13.58
11/21/14,12.9
11/24/14,12.62
11/25/14,12.25
11/26/14,12.07
11/28/14,13.33
12/1/14,14.29
12/2/14,12.85
12/3/14,12.47
12/4/14,12.38
12/5/14,11.82
12/8/14,14.21
12/9/14,14.89
12/10/14,18.53
12/11/14,20.08
12/12/14,21.08
12/15/14,20.42
12/16/14,23.57
12/17/14,19.44
12/18/14,16.81
12/19/14,16.49
12/22/14,15.25
12/23/14,14.8
12/24/14,14.37
12/26/14,14.5
12/29/14,15.06
12/30/14,15.92
12/31/14,19.2
1/2/15,17.79
1/5/15,19.92
1/6/15,21.12
1/7/15,19.31
1/8/15,17.01
1/9/15,17.55
1/12/15,19.6
1/13/15,20.56
1/14/15,20.56
1/15/15,22.39
1/16/15,20.95
1/20/15,19.89
1/21/15,18.85
1/22/15,16.4
1/23/15,16.66
1/26/15,15.52
1/27/15,17.22
1/28/15,20.44
1/29/15,18.76
1/30/15,20.97
2/2/15,19.43
2/3/15,17.33
2/4/15,18.33
2/5/15,16.85
2/6/15,17.29
2/9/15,18.55
2/10/15,17.23
2/11/15,16.96
2/12/15,15.34
2/13/15,14.69
2/17/15,15.8
2/18/15,15.45
2/19/15,15.29
2/20/15,14.3
2/23/15,14.56
2/24/15,13.69
2/25/15,13.84
2/26/15,13.91
2/27/15,13.34
3/2/15,13.04
3/3/15,13.86
3/4/15,14.23
3/5/15,14.04
3/6/15,15.2
3/9/15,15.06
3/10/15,16.69
3/11/15,16.87
3/12/15,15.42
3/13/15,16
3/16/15,15.61
3/17/15,15.66
3/18/15,13.97
3/19/15,14.07
3/20/15,13.02
3/23/15,13.41
3/24/15,13.62
3/25/15,15.44
3/26/15,15.8
3/27/15,15.07
3/30/15,14.51
3/31/15,15.29
4/1/15,15.11
4/2/15,14.67
4/6/15,14.74
4/7/15,14.78
4/8/15,13.98
4/9/15,13.09
4/10/15,12.58
4/13/15,13.94
4/14/15,13.67
4/15/15,12.84
4/16/15,12.6
4/17/15,13.89
4/20/15,13.3
4/21/15,13.25
4/22/15,12.71
4/23/15,12.48
4/24/15,12.29
4/27/15,13.12
4/28/15,12.41
4/29/15,13.39
4/30/15,14.55
5/1/15,12.7
5/4/15,12.85
5/5/15,14.31
5/6/15,15.15
5/7/15,15.13
5/8/15,12.86
5/11/15,13.85
5/12/15,13.86
5/13/15,13.76
5/14/15,12.74
5/15/15,12.38
5/18/15,12.73
5/19/15,12.85
5/20/15,12.88
5/21/15,12.11
5/22/15,12.13
5/26/15,14.06
5/27/15,13.27
5/28/15,13.31
5/29/15,13.84
6/1/15,13.97
6/2/15,14.24
6/3/15,13.66
6/4/15,14.71
6/5/15,14.21
6/8/15,15.29
6/9/15,14.47
6/10/15,13.22
6/11/15,12.85
6/12/15,13.78
6/15/15,15.39
6/16/15,14.81
6/17/15,14.5
6/18/15,13.19
6/19/15,13.96
6/22/15,12.74
6/23/15,12.11
6/24/15,13.26
6/25/15,14.01
6/26/15,14.02
6/29/15,18.85
6/30/15,18.23
7/1/15,16.09
7/2/15,16.79
7/6/15,17.01
7/7/15,16.09
7/8/15,19.66
7/9/15,19.97
7/10/15,16.83
7/13/15,13.9
7/14/15,13.37
7/15/15,13.23
7/16/15,12.11
7/17/15,11.95
7/20/15,12.25
7/21/15,12.22
7/22/15,12.12
7/23/15,12.64
7/24/15,13.74
7/27/15,15.6
7/28/15,13.44
7/29/15,12.5
7/30/15,12.13
7/31/15,12.12
8/3/15,12.56
8/4/15,13
8/5/15,12.51
8/6/15,13.77
8/7/15,13.39
8/10/15,12.23
8/11/15,13.71
8/12/15,13.61
8/13/15,13.49
8/14/15,12.83
8/17/15,13.02
8/18/15,13.79
8/19/15,15.25
8/20/15,19.14
8/21/15,28.03
8/24/15,40.74
8/25/15,36.02
8/26/15,30.32
8/27/15,26.1
8/28/15,26.05
8/31/15,28.43
9/1/15,31.4
9/2/15,26.09
9/3/15,25.61
9/4/15,25.61
9/7/15,27.8
9/8/15,24.9
9/9/15,26.23
9/10/15,24.37
9/11/15,23.2
9/14/15,24.25
9/15/15,22.54
9/16/15,21.35
9/17/15,21.14
9/18/15,22.28
9/21/15,20.14
9/22/15,22.44
9/23/15,22.13
9/24/15,23.47
9/25/15,23.62
9/28/15,27.63
9/29/15,26.83
9/30/15,24.5
10/1/15,22.55
10/2/15,20.94
10/5/15,19.54
10/6/15,19.4
10/7/15,18.4
10/8/15,17.42
10/9/15,17.08
10/12/15,16.17
10/13/15,17.67
10/14/15,18.03
10/15/15,16.05
10/16/15,15.05
10/19/15,14.98
10/20/15,15.75
10/21/15,16.7
10/22/15,14.45
10/23/15,14.46
10/26/15,15.29
10/27/15,15.43
10/28/15,14.33
10/29/15,14.61
10/30/15,15.07
11/2/15,14.15
11/3/15,14.54
11/4/15,15.51
11/5/15,15.05
11/6/15,14.33
11/9/15,16.52
11/10/15,15.29
11/11/15,16.06
11/12/15,18.37
11/13/15,18.37
11/16/15,18.16
11/17/15,18.84
11/18/15,16.85
11/19/15,16.99
11/20/15,15.47
11/23/15,15.62
11/24/15,15.93
11/25/15,15.19
11/27/15,15.12
11/30/15,16.13
12/1/15,14.67
12/2/15,15.91
12/3/15,18.11
12/4/15,14.81
12/7/15,15.84
12/8/15,17.6
12/9/15,19.61
12/10/15,19.34
12/11/15,24.39
12/14/15,22.73
12/15/15,20.95
12/16/15,17.86
12/17/15,18.94
12/18/15,20.7
12/21/15,18.7
12/22/15,16.6
12/23/15,15.57
12/24/15,15.74
12/28/15,16.91
12/29/15,16.08
12/30/15,17.29
12/31/15,18.21
1/4/16,20.7
1/5/16,19.34
1/6/16,20.59
1/7/16,24.99
1/8/16,27.01
1/11/16,24.3
1/12/16,22.47
1/13/16,25.22
1/14/16,23.95
1/15/16,27.02
1/19/16,26.05
1/20/16,27.59
1/21/16,26.69
1/22/16,22.34
1/25/16,24.15
1/26/16,22.5
1/27/16,23.11
1/28/16,22.42
1/29/16,20.2
2/1/16,19.98
2/2/16,21.98
2/3/16,21.65
2/4/16,21.84
2/5/16,23.38
2/8/16,26
2/9/16,26.54
2/10/16,26.29
2/11/16,28.14
2/12/16,25.4
2/16/16,24.11
2/17/16,22.31
2/18/16,21.64
2/19/16,20.53
2/22/16,19.38
2/23/16,20.98
2/24/16,20.72
2/25/16,19.11
2/26/16,19.81
2/29/16,20.55
3/1/16,17.7
3/2/16,17.09
3/3/16,16.7
3/4/16,16.86
3/7/16,17.35
3/8/16,18.67
3/9/16,18.34
3/10/16,18.05
3/11/16,16.5
3/14/16,16.92
3/15/16,16.92
3/16/16,14.99
3/17/16,14.44
3/18/16,14.02
3/21/16,13.79
3/22/16,14.17
3/23/16,14.94
3/24/16,14.74
3/28/16,15.24
3/29/16,13.82
3/30/16,13.56
3/31/16,13.95
4/1/16,13.1
4/4/16,14.12
4/5/16,15.42
4/6/16,14.09
4/7/16,16.16
4/8/16,15.36
4/11/16,16.26
4/12/16,14.85
4/13/16,13.84
4/14/16,13.72
4/15/16,13.62
4/18/16,13.35
4/19/16,13.24
4/20/16,13.28
4/21/16,13.95
4/22/16,13.22
4/25/16,14.08
4/26/16,13.96
4/27/16,13.77
4/28/16,15.22
4/29/16,15.7
5/2/16,14.68
5/3/16,15.6
5/4/16,16.05
5/5/16,15.91
5/6/16,14.72
5/9/16,14.57
5/10/16,13.63
5/11/16,14.69
5/12/16,14.41
5/13/16,15.04
5/16/16,14.68
5/17/16,15.57
5/18/16,15.95
5/19/16,16.33
5/20/16,15.2
5/23/16,15.82
5/24/16,14.42
5/25/16,13.9
5/26/16,13.43
5/27/16,13.12
5/31/16,14.19
6/1/16,14.2
6/2/16,13.63
6/3/16,13.47
6/6/16,13.65
6/7/16,14.05
6/8/16,14.08
6/9/16,14.64
6/10/16,17.03
6/13/16,20.97
6/14/16,20.5
6/15/16,20.14
6/16/16,19.37
6/17/16,19.41
6/20/16,18.37
6/21/16,18.48
6/22/16,21.17
6/23/16,17.25
6/24/16,25.76
6/27/16,23.85
6/28/16,18.75
6/29/16,16.64
6/30/16,15.63
7/1/16,14.77
7/5/16,15.58
7/6/16,14.96
7/7/16,14.76
7/8/16,13.2
7/11/16,13.54
7/12/16,13.55
7/13/16,13.04
7/14/16,12.82
7/15/16,12.67
7/18/16,12.44
7/19/16,11.97
7/20/16,11.77
7/21/16,12.74
7/22/16,12.02
7/25/16,12.87
7/26/16,13.05
7/27/16,12.83
7/28/16,12.72
7/29/16,11.87
8/1/16,12.44
8/2/16,13.37
8/3/16,12.86
8/4/16,12.42
8/5/16,11.39
8/8/16,11.5
8/9/16,11.66
8/10/16,12.05
8/11/16,11.68
8/12/16,11.55
8/15/16,11.81
8/16/16,12.64
8/17/16,12.19
8/18/16,11.43
8/19/16,11.34
8/22/16,12.27
8/23/16,12.38
8/24/16,13.45
8/25/16,13.63
8/26/16,13.65
8/29/16,12.94
8/30/16,13.12
8/31/16,13.42
9/1/16,13.48
9/2/16,11.98
9/6/16,12.02
9/7/16,11.94
9/8/16,12.51
9/9/16,17.5
9/12/16,15.16
9/13/16,17.85
9/14/16,18.14
9/15/16,16.3
9/16/16,15.37
9/19/16,15.53
9/20/16,15.92
9/21/16,13.3
9/22/16,12.02
9/23/16,12.29
9/26/16,14.5
9/27/16,13.1
9/28/16,12.39
9/29/16,14.02
9/30/16,13.29
10/3/16,13.57
10/4/16,13.63
10/5/16,12.99
10/6/16,12.84
10/7/16,13.48
10/10/16,13.38
10/11/16,15.36
10/12/16,15.91
10/13/16,16.69
10/14/16,16.12
10/17/16,16.21
10/18/16,15.28
10/19/16,14.41
10/20/16,13.75
10/21/16,13.34
10/24/16,13.02
10/25/16,13.46
10/26/16,14.24
10/27/16,15.36
10/28/16,16.19
10/31/16,17.06
11/1/16,18.56
11/2/16,19.32
11/3/16,22.08
11/4/16,22.51
11/7/16,18.71
11/8/16,18.74
11/9/16,14.38
11/10/16,14.74
11/11/16,14.17
11/14/16,14.48
11/15/16,13.37
11/16/16,13.72
11/17/16,13.35
11/18/16,12.85
11/21/16,12.42
11/22/16,12.41
11/23/16,12.43
11/25/16,12.34
11/28/16,13.15
11/29/16,12.9
11/30/16,13.33
12/1/16,14.07
12/2/16,14.12
12/5/16,12.14
12/6/16,11.79
12/7/16,12.22
12/8/16,12.64
12/9/16,11.75
12/12/16,12.64
12/13/16,12.72
12/14/16,13.19
12/15/16,12.79
12/16/16,12.2
12/19/16,11.71
12/20/16,11.45
12/21/16,11.27
12/22/16,11.43
12/23/16,11.44
12/27/16,11.99
12/28/16,12.95
12/29/16,13.37
12/30/16,14.04
1/3/17,12.85
1/4/17,11.85
1/5/17,11.67
1/6/17,11.32
1/9/17,11.56
1/10/17,11.49
1/11/17,11.26
1/12/17,11.54
1/13/17,11.23
1/17/17,11.87
1/18/17,12.48
1/19/17,12.78
1/20/17,11.54
1/23/17,11.77
1/24/17,11.07
1/25/17,10.81
1/26/17,10.63
1/27/17,10.58
1/30/17,11.88
1/31/17,11.99
2/1/17,11.81
2/2/17,11.93
2/3/17,10.97
2/6/17,11.37
2/7/17,11.29
2/8/17,11.45
2/9/17,10.88
2/10/17,10.85
2/13/17,11.07
2/14/17,10.74
2/15/17,11.97
2/16/17,11.76
2/17/17,11.49
2/21/17,11.57
2/22/17,11.74
2/23/17,11.71
2/24/17,11.47
2/27/17,12.09
2/28/17,12.92
3/1/17,12.54
3/2/17,11.81
3/3/17,10.96
3/6/17,11.24
3/7/17,11.45
3/8/17,11.86
3/9/17,12.3
3/10/17,11.66
3/13/17,11.35
3/14/17,12.3
3/15/17,11.63
3/16/17,11.21
3/17/17,11.28
3/20/17,11.34
3/21/17,12.47
3/22/17,12.81
3/23/17,13.12
3/24/17,12.96
3/27/17,12.5
3/28/17,11.53
3/29/17,11.42
3/30/17,11.54
3/31/17,12.37
4/3/17,12.38
4/4/17,11.79
4/5/17,12.89
4/6/17,12.39
4/7/17,12.87
4/10/17,14.05
4/11/17,15.07
4/12/17,15.77
4/13/17,15.96
4/17/17,14.66
4/18/17,14.42
4/19/17,14.93
4/20/17,14.15
4/21/17,14.63
4/24/17,10.84
4/25/17,10.76
4/26/17,10.85
4/27/17,10.36
4/28/17,10.82
5/1/17,10.11
5/2/17,10.59
5/3/17,10.68
5/4/17,10.46
5/5/17,10.57
5/8/17,9.77
5/9/17,9.96
5/10/17,10.21
5/11/17,10.6
5/12/17,10.4
5/15/17,10.42
5/16/17,10.65
5/17/17,15.59
5/18/17,14.66
5/19/17,12.04
5/22/17,10.93
5/23/17,10.72
5/24/17,10.02
5/25/17,9.99
5/26/17,9.81
5/30/17,10.38
5/31/17,10.41
6/1/17,9.89
6/2/17,9.75
6/5/17,10.07
6/6/17,10.45
6/7/17,10.39
6/8/17,10.16
6/9/17,10.7
6/12/17,11.46
6/13/17,10.42
6/14/17,10.64
6/15/17,10.9
6/16/17,10.38
6/19/17,10.37
6/20/17,10.86
6/21/17,10.75
6/22/17,10.48
6/23/17,10.02
6/26/17,9.9
6/27/17,11.06
6/28/17,10.03
6/29/17,11.44
6/30/17,11.18
7/3/17,11.22
7/5/17,11.07
7/6/17,12.54
7/7/17,11.19
7/10/17,11.11
7/11/17,10.89
7/12/17,10.3
7/13/17,9.9
7/14/17,9.51
7/17/17,9.82
7/18/17,9.89
7/19/17,9.79
7/20/17,9.58
7/21/17,9.36
7/24/17,9.43
7/25/17,9.43
7/26/17,9.6
7/27/17,10.11
7/28/17,10.29
7/31/17,10.26
8/1/17,10.09
8/2/17,10.28
8/3/17,10.44
8/4/17,10.03
8/7/17,9.93
8/8/17,10.96
8/9/17,11.11
8/10/17,16.04
8/11/17,15.51
8/14/17,12.33
8/15/17,12.04
8/16/17,11.74
8/17/17,15.55
8/18/17,14.26
8/21/17,13.19
8/22/17,11.35
8/23/17,12.25
8/24/17,12.23
8/25/17,11.28
8/28/17,11.32
8/29/17,11.7
8/30/17,11.22
8/31/17,10.59
9/1/17,10.13
9/5/17,12.23
9/6/17,11.63
9/7/17,11.55
9/8/17,12.12
9/11/17,10.73
9/12/17,10.58
9/13/17,10.5
9/14/17,10.44
9/15/17,10.17
9/18/17,10.15
9/19/17,10.18
9/20/17,9.78
9/21/17,9.67
9/22/17,9.59
9/25/17,10.21
9/26/17,10.17
9/27/17,9.87
9/28/17,9.55
9/29/17,9.51
10/2/17,9.45
10/3/17,9.51
10/4/17,9.63
10/5/17,9.19
10/6/17,9.65
10/9/17,10.33
10/10/17,10.08
10/11/17,9.85
10/12/17,9.91
10/13/17,9.61
10/16/17,9.91
10/17/17,10.31
10/18/17,10.07
10/19/17,10.05
10/20/17,9.97
10/23/17,11.07
10/24/17,11.16
10/25/17,11.23
10/26/17,11.3
10/27/17,9.8
10/30/17,10.5
10/31/17,10.18
11/1/17,10.2
11/2/17,9.93
11/3/17,9.14
11/6/17,9.4
11/7/17,9.89
11/8/17,9.78
11/9/17,10.5
11/10/17,11.29
11/13/17,11.5
11/14/17,11.59
11/15/17,13.13
11/16/17,11.76
11/17/17,11.43
11/20/17,10.65
11/21/17,9.73
11/22/17,9.88
11/24/17,9.67
11/27/17,9.87
11/28/17,10.03
11/29/17,10.7
11/30/17,11.28
12/1/17,11.43
12/4/17,11.68
12/5/17,11.33
12/6/17,11.02
12/7/17,10.16
12/8/17,9.58
12/11/17,9.34
12/12/17,9.92
12/13/17,10.18
12/14/17,10.49
12/15/17,9.42
12/18/17,9.53
12/19/17,10.03
12/20/17,9.72
12/21/17,9.62
12/22/17,9.9
12/26/17,10.25
12/27/17,10.47
12/28/17,10.18
12/29/17,11.04
1/2/18,9.77
1/3/18,9.15
1/4/18,9.22
1/5/18,9.22
1/8/18,9.52
1/9/18,10.08
1/10/18,9.82
1/11/18,9.88
1/12/18,10.16
1/16/18,11.66
1/17/18,11.91
1/18/18,12.22
1/19/18,11.27
1/22/18,11.05
1/23/18,11.1
1/24/18,11.46
1/25/18,11.58
1/26/18,11.1
1/29/18,13.84
1/30/18,14.79
1/31/18,13.54
2/1/18,13.47
2/2/18,17.31
2/5/18,37.32
2/6/18,29.98
2/7/18,27.73
2/8/18,33.46
2/9/18,29.06
2/12/18,25.61
2/13/18,24.97
2/14/18,19.26
2/15/18,19.13
2/16/18,19.46
2/20/18,20.6
2/21/18,20.02
2/22/18,18.72
2/23/18,16.49
2/26/18,15.8
2/27/18,18.59
2/28/18,19.85
3/1/18,22.47
3/2/18,19.59
3/5/18,18.73
3/6/18,18.36
3/7/18,17.76
3/8/18,16.54
3/9/18,14.64
3/12/18,15.78
3/13/18,16.35
3/14/18,17.23
3/15/18,16.59
3/16/18,15.8
3/19/18,19.02
3/20/18,18.2
3/21/18,17.86
3/22/18,23.34
3/23/18,24.87
3/26/18,21.03
3/27/18,22.5
3/28/18,22.87
3/29/18,19.97
4/2/18,23.62
4/3/18,21.1
4/4/18,20.06
4/5/18,18.94
4/6/18,21.49
4/9/18,21.77
4/10/18,20.47
4/11/18,20.24
4/12/18,18.49
4/13/18,17.41
4/16/18,16.56
4/17/18,15.25
4/18/18,15.6
4/19/18,15.96
4/20/18,16.88
4/23/18,16.34
4/24/18,18.02
4/25/18,17.84
4/26/18,16.24
4/27/18,15.41
4/30/18,15.93
5/1/18,15.49
5/2/18,15.97
5/3/18,15.9
5/4/18,14.77
5/7/18,14.75
5/8/18,14.71
5/9/18,13.42
5/10/18,13.23
5/11/18,12.65
5/14/18,12.93
5/15/18,14.63
5/16/18,13.42
5/17/18,13.43
5/18/18,13.42
5/21/18,13.08
5/22/18,13.22
5/23/18,12.58
5/24/18,12.53
5/25/18,13.22
5/29/18,17.02
5/30/18,14.94
5/31/18,15.43
6/1/18,13.46
6/4/18,12.74
6/5/18,12.4
6/6/18,11.64
6/7/18,12.13
6/8/18,12.18
6/11/18,12.35
6/12/18,12.34
6/13/18,12.94
6/14/18,12.12
6/15/18,11.98
6/18/18,12.31
6/19/18,13.35
6/20/18,12.79
6/21/18,14.64
6/22/18,13.77
6/25/18,17.33
6/26/18,15.92
6/27/18,17.91
6/28/18,16.85
6/29/18,16.09
7/2/18,15.6
7/3/18,16.14
7/5/18,14.97
7/6/18,13.37
7/9/18,12.69
7/10/18,12.64
7/11/18,13.63
7/12/18,12.58
7/13/18,12.18
7/16/18,12.83
7/17/18,12.06
7/18/18,12.1
7/19/18,12.87
7/20/18,12.86
7/23/18,12.62
7/24/18,12.41
7/25/18,12.29
7/26/18,12.14
7/27/18,13.03
7/30/18,14.26
7/31/18,12.83
8/1/18,13.15
8/2/18,12.19
8/3/18,11.64
8/6/18,11.27
8/7/18,10.93
8/8/18,10.85
8/9/18,11.27
8/10/18,13.16
8/13/18,14.78
8/14/18,13.31
8/15/18,14.64
8/16/18,13.45
8/17/18,12.64
8/20/18,12.49
8/21/18,12.86
8/22/18,12.25
8/23/18,12.41
8/24/18,11.99
8/27/18,12.16
8/28/18,12.5
8/29/18,12.25
8/30/18,13.53
8/31/18,12.86
9/4/18,13.16
9/5/18,13.91
9/6/18,14.65
9/7/18,14.88
9/10/18,14.16
9/11/18,13.22
9/12/18,13.14
9/13/18,12.37
9/14/18,12.07
9/17/18,13.68
9/18/18,12.79
9/19/18,11.75
9/20/18,11.8
9/21/18,11.68
9/24/18,12.2
9/25/18,12.42
9/26/18,12.89
9/27/18,12.41
9/28/18,12.12
10/1/18,12
10/2/18,12.05
10/3/18,11.61
10/4/18,14.22
10/5/18,14.82
10/8/18,15.69
10/9/18,15.95
10/10/18,22.96
10/11/18,24.98
10/12/18,21.31
10/15/18,21.3
10/16/18,17.62
10/17/18,17.4
10/18/18,20.06
10/19/18,19.89
10/22/18,19.64
10/23/18,20.71
10/24/18,25.23
10/25/18,24.22
10/26/18,24.16
10/29/18,24.7
10/30/18,23.35
10/31/18,21.23
11/1/18,19.34
11/2/18,19.51
11/5/18,19.96
11/6/18,19.91
11/7/18,16.36
11/8/18,16.72
11/9/18,17.36
11/12/18,20.45
11/13/18,20.02
11/14/18,21.25
11/15/18,19.98
11/16/18,18.14
11/19/18,20.1
11/20/18,22.48
11/21/18,20.8
11/23/18,21.52
11/26/18,18.9
11/27/18,19.02
11/28/18,18.49
11/29/18,18.79
11/30/18,18.07
12/3/18,16.44
12/4/18,20.74
12/6/18,21.19
12/7/18,23.23
12/10/18,22.64
12/11/18,21.76
12/12/18,21.46
12/13/18,20.65
12/14/18,21.63
12/17/18,24.52
12/18/18,25.58
12/19/18,25.58
12/20/18,28.38
12/21/18,30.11
12/24/18,36.07
12/26/18,30.41
12/27/18,29.96
12/28/18,28.34
12/31/18,25.42
1/2/19,23.22
1/3/19,25.45
1/4/19,21.38
1/7/19,21.4
1/8/19,20.47
1/9/19,19.98
1/10/19,19.5
1/11/19,18.19
1/14/19,19.07
1/15/19,18.6
1/16/19,19.04
1/17/19,18.06
1/18/19,17.8
1/22/19,20.8
1/23/19,19.52
1/24/19,18.89
1/25/19,17.42
1/28/19,18.87
1/29/19,19.13
1/30/19,17.66
1/31/19,16.57
2/1/19,16.14
2/4/19,15.73
2/5/19,15.57
2/6/19,15.38
2/7/19,16.37
2/8/19,15.72
2/11/19,15.97
2/12/19,15.43
2/13/19,15.65
2/14/19,16.22
2/15/19,14.91
2/19/19,14.88
2/20/19,14.02
2/21/19,14.46
2/22/19,13.51
2/25/19,14.85
2/26/19,15.17
2/27/19,14.7
2/28/19,14.78
3/1/19,13.57
3/4/19,14.63
3/5/19,14.74
3/6/19,15.74
3/7/19,16.59
3/8/19,16.05
3/11/19,14.33
3/12/19,13.77
3/13/19,13.41
3/14/19,13.5
3/15/19,12.88
3/18/19,13.1
3/19/19,13.56
3/20/19,13.91
3/21/19,13.63
3/22/19,16.48
3/25/19,16.33
3/26/19,14.68
3/27/19,15.15
3/28/19,14.43
3/29/19,13.71
4/1/19,13.4
4/2/19,13.36
4/3/19,13.74
4/4/19,13.58
4/5/19,12.82
4/8/19,13.18
4/9/19,14.28
4/10/19,13.3
4/11/19,13.02
4/12/19,12.01
4/15/19,12.32
4/16/19,12.18
4/17/19,12.6
4/18/19,12.09
4/22/19,12.42
4/23/19,12.28
4/24/19,13.14
4/25/19,13.25
4/26/19,12.73
4/29/19,13.11
4/30/19,13.12
5/1/19,14.8
5/2/19,14.42
5/3/19,12.87
5/6/19,15.44
5/7/19,19.32
5/8/19,19.4
5/9/19,19.1
5/10/19,16.04
5/13/19,20.55
5/14/19,18.06
5/15/19,16.44
5/16/19,15.29
5/17/19,15.96
5/20/19,16.31
5/21/19,14.95
5/22/19,14.75
5/23/19,16.92
5/24/19,15.85
5/28/19,17.5
5/29/19,17.9
5/30/19,17.3
5/31/19,18.71
6/3/19,18.86
6/4/19,16.97
6/5/19,16.09
6/6/19,15.93
6/7/19,16.3
6/10/19,15.94
6/11/19,15.99
6/12/19,15.91
6/13/19,15.82
6/14/19,15.28
6/17/19,15.35
6/18/19,15.15
6/19/19,14.33
6/20/19,14.75
6/21/19,15.4
6/24/19,15.26
6/25/19,16.28
6/26/19,16.21
6/27/19,15.82
6/28/19,15.08
7/1/19,14.06
7/2/19,12.93
7/3/19,12.57
7/5/19,13.28
7/8/19,13.96
7/9/19,14.09
7/10/19,13.03
7/11/19,12.93
7/12/19,12.39
7/15/19,12.68
7/16/19,12.86
7/17/19,13.97
7/18/19,13.53
7/19/19,14.45
7/22/19,13.53
7/23/19,12.61
7/24/19,12.07
7/25/19,12.74
7/26/19,12.16
7/29/19,12.83
7/30/19,13.94
7/31/19,16.12
8/1/19,17.87
8/2/19,17.61
8/5/19,24.59
8/6/19,20.17
8/7/19,19.49
8/8/19,16.91
8/9/19,17.97
8/12/19,21.09
8/13/19,17.52
8/14/19,22.1
8/15/19,21.18
8/16/19,18.47
8/19/19,16.88
8/20/19,17.5
8/21/19,15.8
8/22/19,16.68
8/23/19,19.87
8/26/19,19.32
8/27/19,20.31
8/28/19,19.35
8/29/19,17.88
8/30/19,18.98
9/3/19,19.66
9/4/19,17.33
9/5/19,16.27
9/6/19,15
9/9/19,15.27
9/10/19,15.2
9/11/19,14.61
9/12/19,14.22
9/13/19,13.74
9/16/19,14.67
9/17/19,14.44
9/18/19,13.95
9/19/19,14.05
9/20/19,15.32
9/23/19,14.91
9/24/19,17.05
9/25/19,15.96
9/26/19,16.07
9/27/19,17.22
9/30/19,16.24
10/1/19,18.56
10/2/19,20.56
10/3/19,19.12
10/4/19,17.04
10/7/19,17.86
10/8/19,20.28
10/9/19,18.64
10/10/19,17.57
10/11/19,15.58
10/14/19,14.57
10/15/19,13.54
10/16/19,13.68
10/17/19,13.79
10/18/19,14.25
10/21/19,14
10/22/19,14.46
10/23/19,14.01
10/24/19,13.71
10/25/19,12.65
10/28/19,13.11
10/29/19,13.2
10/30/19,12.33
11/1/19,12.3
11/4/19,12.83
11/5/19,13.1
11/6/19,12.62
11/7/19,12.73
11/8/19,12.07
11/11/19,12.69
11/12/19,12.68
11/13/19,13
11/14/19,13.05
11/15/19,12.05
11/18/19,12.46
11/19/19,12.86
11/20/19,12.78
11/21/19,13.13
11/22/19,12.34
11/25/19,11.87
11/26/19,11.54
11/29/19,12.62
12/2/19,14.91
12/3/19,15.96
12/4/19,14.8
12/5/19,14.52
12/6/19,13.62
12/9/19,15.86
12/10/19,15.68
12/11/19,14.99
12/12/19,13.94
12/13/19,12.63
12/16/19,12.14
12/17/19,12.29
12/18/19,12.58
12/19/19,12.5
12/20/19,12.51
12/23/19,12.61
12/26/19,12.65
12/27/19,13.43
12/30/19,14.82
1/2/20,12.47
1/3/20,14.02
1/6/20,13.85
1/7/20,13.79
1/8/20,13.45
1/9/20,12.54
1/10/20,12.56
1/13/20,12.32
1/14/20,12.39
1/15/20,12.42
1/16/20,12.32
1/17/20,12.1
1/21/20,12.85
1/22/20,12.91
1/23/20,12.98
1/24/20,14.56
1/27/20,18.23
1/28/20,16.28
1/29/20,16.39
1/30/20,15.49
1/31/20,18.84
2/3/20,17.97
2/4/20,16.05
2/5/20,15.15
2/6/20,14.96
2/7/20,15.47
2/10/20,15.04
2/11/20,15.18
2/12/20,13.74
2/13/20,14.15
2/14/20,13.68
2/18/20,14.83
2/19/20,14.38
2/20/20,15.56
2/21/20,17.08
2/24/20,25.03
2/25/20,27.85
2/26/20,27.56
2/27/20,39.16
2/28/20,40.11
3/2/20,33.42
3/3/20,36.82
3/4/20,31.99
3/5/20,39.62
3/6/20,41.94
3/9/20,54.46
3/10/20,47.3
3/11/20,53.9
3/12/20,75.47
3/13/20,57.83
3/16/20,82.69
3/17/20,75.91
3/18/20,76.45
3/19/20,72
3/20/20,66.04
3/23/20,61.59
3/24/20,61.67
3/25/20,63.95
3/26/20,61
3/27/20,65.54
3/30/20,57.08
3/31/20,53.54
4/1/20,57.06
4/2/20,50.91
4/3/20,46.8
4/6/20,45.24
4/7/20,46.7
4/8/20,43.35
4/9/20,41.67
4/13/20,41.17
4/14/20,37.76
4/15/20,40.84
4/16/20,40.11
4/17/20,38.15
4/20/20,43.83
4/21/20,45.41
4/22/20,41.98
4/23/20,41.38
4/24/20,35.93
4/27/20,33.29
4/28/20,33.57
4/29/20,31.23
4/30/20,34.15
5/1/20,37.19
5/4/20,35.97
5/5/20,33.61
5/6/20,34.12
5/7/20,31.44
5/8/20,27.98
5/11/20,27.57
5/12/20,33.04
5/13/20,35.28
5/14/20,32.61
5/15/20,31.89
5/18/20,29.3
5/19/20,30.53
5/20/20,27.99
5/21/20,29.53
5/22/20,28.16
5/26/20,28.01
5/27/20,27.62
5/28/20,28.59
5/29/20,27.51
6/1/20,28.23
6/2/20,26.84
6/3/20,25.66
6/4/20,25.81
6/5/20,24.52
6/8/20,25.81
6/9/20,27.57
6/10/20,27.57
6/11/20,40.79
6/12/20,36.09
6/15/20,34.4
6/16/20,33.67
6/17/20,33.47
6/18/20,32.94
6/19/20,35.12
6/22/20,31.77
6/23/20,31.37
6/24/20,33.84
6/25/20,32.22
6/26/20,34.73
6/29/20,31.78
6/30/20,30.43
7/1/20,28.62
7/2/20,27.68
7/6/20,27.94
7/7/20,29.43
7/8/20,28.08
7/9/20,29.26
7/10/20,27.29
7/13/20,32.19
7/14/20,29.52
7/15/20,27.76
7/16/20,28
7/17/20,25.68
7/20/20,24.46
7/21/20,24.84
7/22/20,24.32
7/23/20,26.08
7/24/20,25.84
7/27/20,24.74
7/28/20,25.44
7/29/20,24.1
7/30/20,24.76
7/31/20,24.46
8/3/20,24.28
8/4/20,23.76
8/5/20,22.99
8/6/20,22.65
8/7/20,22.21
8/10/20,22.13
8/11/20,24.03
8/12/20,22.28
8/13/20,22.13
8/14/20,22.05
8/17/20,21.35
8/18/20,21.51
8/19/20,22.54
8/20/20,22.72
8/21/20,22.54
8/24/20,22.37
8/25/20,22.03
8/26/20,23.27
8/27/20,24.47
8/28/20,22.96
8/31/20,26.41
9/1/20,26.12
9/2/20,26.57
9/3/20,33.6
9/4/20,30.75
9/8/20,31.46
9/9/20,28.81
9/10/20,29.71
9/11/20,26.87
9/14/20,25.85
9/15/20,25.59
9/16/20,26.04
9/17/20,26.46
9/18/20,25.83
9/21/20,27.78